name,slug,author,author-credentials,research-field,publication-date,journal-name,abstract,content,citations,featured,keyword-1,keyword-2,keyword-3,keyword-4
"Reconfiguring Institutional Memory: Archival Practices in the Digital Age",reconfiguring-institutional-memory,"Dr. Eleanor M. Hartwell","PhD, History of Science","Digital Humanities","2026-03-01","Journal of Digital History","This study examines how digitization transforms not merely the accessibility of archival materials, but fundamentally reshapes the epistemological frameworks through which we construct historical knowledge. Drawing on institutional ethnography across three national archives, I argue that digital affordances introduce new forms of temporal manipulation and spatial reconfiguration.","The transformation of archival practice through digital technologies represents more than a mere shift in storage medium or retrieval mechanism. Rather, it constitutes a fundamental reordering of the relationship between documentation, memory, and historical knowledge production.

Through eighteen months of ethnographic observation across the National Archives (UK), the Bibliothèque nationale de France, and the Smithsonian Institution Archives, this research documents how archivists navigate the tension between preserving material authenticity and enabling digital accessibility. The act of digitization, far from being neutral translation, involves countless micro-decisions about resolution, color correction, metadata schema, and interface design—each inscribing new layers of interpretation onto historical materials.

Of particular significance is the emergence of what I term ""temporal plasticity""—the capacity of digital archives to disaggregate documents from their original chronological and spatial contexts, enabling users to reconfigure collections according to algorithmic, thematic, or idiosyncratic logics. This represents a profound departure from the physical archive's inherent constraint of linear browsing and spatial adjacency.

The implications extend beyond archival science to fundamental questions in epistemology and historiography. If the archive shapes historical consciousness, then the transition from physical to digital archives signals not merely improved access but a transformation in the very nature of historical knowledge itself.",127,TRUE,"Digital Archives","Epistemology","Institutional Ethnography","Historical Knowledge"
"The Materiality of Metadata: Classification Systems and Colonial Legacies",the-materiality-of-metadata,"Dr. Eleanor M. Hartwell","PhD, History of Science","Postcolonial Studies","2026-01-01","Critical Archival Studies","Metadata classification systems inherited from colonial administrations continue to structure contemporary digital archives, perpetuating epistemic violence through taxonomic categories that reflect imperial worldviews. This article traces the genealogy of subject headings and classification schemas.","The seemingly neutral technical apparatus of metadata classification conceals profound political and epistemic assumptions. Contemporary digital archives overwhelmingly rely on classification systems—Library of Congress Subject Headings, Dewey Decimal Classification, UNESCO Thesaurus—that were developed during the height of European imperialism and reflect distinctly colonial ways of organizing knowledge.

These systems embed hierarchies that privilege Western epistemologies while marginalizing or erasing indigenous knowledge structures. Terms like ""primitive,"" ""tribe,"" and ""discovery"" persist in authoritative vocabularies, encoding colonial perspectives as ostensibly objective descriptors. Geographic categories divide the world according to imperial spheres of influence rather than indigenous territorial configurations.

The material consequences are substantial: researchers seeking materials on indigenous histories must often navigate subject headings that render these cultures as objects of anthropological study rather than as autonomous knowledge producers. The classification system itself becomes a technology of colonial dispossession, determining what can be found and therefore what can be known.

Decolonizing metadata requires not merely updating offensive terminology but fundamentally reimagining classificatory logic to accommodate multiple, potentially incommensurable ontologies. This represents a profound technical and philosophical challenge for information science.",89,FALSE,"Metadata","Decolonization","Classification Systems","Postcolonial Theory"
"Toward a Phenomenology of the Digital Document",toward-a-phenomenology-of-the-digital-document,"Dr. Eleanor M. Hartwell","PhD, History of Science","Media Studies","2025-11-01","Media Theory","What constitutes a ""document"" in digital space? This theoretical investigation draws on phenomenology and media archaeology to examine how digital documents differ from their material predecessors not merely in format but in their fundamental mode of being.","The digital document presents a philosophical puzzle: it appears to possess properties fundamentally incompatible with traditional documentary forms while simultaneously claiming documentary authority. Unlike paper documents, digital files exist as mutable patterns of magnetic or electrical states, lacking the material stability that traditionally underwrote documentary authenticity.

Drawing on Husserl's phenomenology and recent work in media archaeology, I propose that digital documents should be understood not as dematerialized versions of physical texts but as fundamentally different entities—processual rather than static, dependent on computational interpretation rather than direct perception, distributed across networked infrastructure rather than localized in singular objects.

This reconceptualization has significant implications for archival theory, legal frameworks around documentary evidence, and our understanding of textual authority in digital contexts. The digital document's essential mutability—the ease with which it can be copied, modified, version-controlled, and transmitted—challenges foundational assumptions about fixity and authenticity that have structured documentary cultures for centuries.

Rather than lamenting this instability, we might recognize it as opening new possibilities for collective authorship, living documents, and more flexible forms of textual relationship. The digital document invites us to reimagine what documentation can be.",64,FALSE,"Phenomenology","Media Archaeology","Digital Documents","Textual Authority"
